<?xml version="1.0" encoding="UTF-8"?>
<project-private xmlns="http://www.netbeans.org/ns/project-private/1">
    <editor-bookmarks xmlns="http://www.netbeans.org/ns/editor-bookmarks/2" lastBookmarkId="0"/>
    <open-files xmlns="http://www.netbeans.org/ns/projectui-open-files/2">
        <group>
            <file>file:/C:/Users/gerar/Desktop/UVG/6to%20Semestre/Digital_2/D2LABS/LAB2/2LAB2.X/adc.c</file>
            <file>file:/C:/Users/gerar/Desktop/UVG/6to%20Semestre/Digital_2/D2LABS/LAB2/2LAB2.X/adc.h</file>
            <file>file:/C:/Users/gerar/Desktop/UVG/6to%20Semestre/Digital_2/D2LABS/LAB2/2LAB2.X/usart.h</file>
            <file>file:/C:/Users/gerar/Desktop/UVG/6to%20Semestre/Digital_2/D2LABS/LAB2/2LAB2.X/LCD.c</file>
            <file>file:/C:/Users/gerar/Desktop/UVG/6to%20Semestre/Digital_2/D2LABS/LAB2/2LAB2.X/nbproject/Makefile-impl.mk</file>
            <file>file:/C:/Users/gerar/Desktop/UVG/6to%20Semestre/Digital_2/D2LABS/LAB2/2LAB2.X/LCD.h</file>
            <file>file:/C:/Users/gerar/Desktop/UVG/6to%20Semestre/Digital_2/D2LABS/LAB2/2LAB2.X/usart.c</file>
            <file>file:/C:/Users/gerar/Desktop/UVG/6to%20Semestre/Digital_2/D2LABS/LAB2/2LAB2.X/main.c</file>
        </group>
    </open-files>
</project-private>
